{
  "test_loss": 3.5220448970794678,
  "test_ppl": 33.85358482767126
}