{
  "ngram_n": 8,
  "summary": {
    "baseline": {
      "mean": 0.00035211267605633805,
      "median": 0.0,
      "p90": 0.0,
      "max": 0.007042253521126761
    },
    "fullft": {
      "mean": 0.00034246575342465754,
      "median": 0.0,
      "p90": 0.0,
      "max": 0.00684931506849315
    }
  },
  "fullft_overlaps": [
    0.0,
    0.00684931506849315,
    0.0,
    0.0,
    0.0,
    0.0,
    0.0,
    0.0,
    0.0,
    0.0,
    0.0,
    0.0,
    0.0,
    0.0,
    0.0,
    0.0,
    0.0,
    0.0,
    0.0,
    0.0
  ],
  "baseline_overlaps": [
    0.0,
    0.007042253521126761,
    0.0,
    0.0,
    0.0,
    0.0,
    0.0,
    0.0,
    0.0,
    0.0,
    0.0,
    0.0,
    0.0,
    0.0,
    0.0,
    0.0,
    0.0,
    0.0,
    0.0,
    0.0
  ]
}